{
  "subject": "sunity_devee",
  "rerun": 3,
  "judges": [
    "gpt4o",
    "gpt54",
    "haiku",
    "opus",
    "sonnet"
  ],
  "per_judge_per_condition": {
    "C2a_full_spec__haiku": 2.2051282051282053,
    "C4a_full_facts_plus_spec__haiku": 2.4358974358974357,
    "C2a_full_spec__sonnet": 1.5897435897435896,
    "C4a_full_facts_plus_spec__sonnet": 1.9230769230769231,
    "C2a_full_spec__opus": 2.230769230769231,
    "C4a_full_facts_plus_spec__opus": 2.6923076923076925,
    "C2a_full_spec__gpt4o": 2.2051282051282053,
    "C4a_full_facts_plus_spec__gpt4o": 2.3076923076923075,
    "C2a_full_spec__gpt54": 1.9743589743589745,
    "C4a_full_facts_plus_spec__gpt54": 2.5128205128205128
  },
  "C2a": 2.041025641025641,
  "C4a": 2.3743589743589744,
  "C5_canonical": 1.026,
  "delta_c4a": 1.3483589743589743,
  "delta_spec": 1.0150256410256409
}