{
  "hamerton": {
    "letta_mean_per_q": {
      "21": 3.0,
      "22": 4.5,
      "23": 2.0,
      "24": 3.5,
      "25": 4.5,
      "26": 3.5,
      "27": 2.0,
      "28": 3.0,
      "29": 1.5,
      "30": 2.0,
      "31": 3.5,
      "32": 4.5,
      "33": 5.0,
      "34": 2.0,
      "35": 2.0,
      "36": 2.0,
      "37": 4.0,
      "38": 2.0,
      "39": 4.5,
      "40": 2.0,
      "41": 4.5,
      "42": 4.5,
      "43": 5.0,
      "44": 3.5,
      "45": 4.5,
      "46": 5.0,
      "47": 2.0,
      "48": 3.5,
      "49": 2.0,
      "51": 2.0,
      "52": 2.0,
      "53": 3.5,
      "54": 4.5,
      "55": 5.0,
      "56": 2.0,
      "57": 3.5,
      "58": 5.0,
      "59": 4.5,
      "60": 2.0
    },
    "bl_mean_per_q": {
      "21": 4.0,
      "22": 1.0,
      "23": 2.0,
      "24": 2.5,
      "25": 5.0,
      "26": 3.5,
      "27": 5.0,
      "28": 1.5,
      "29": 3.0,
      "30": 3.0,
      "31": 1.0,
      "32": 3.0,
      "33": 4.5,
      "34": 1.5,
      "35": 3.0,
      "36": 1.0,
      "37": 3.5,
      "38": 2.5,
      "39": 3.5,
      "40": 2.0,
      "41": 3.5,
      "42": 4.5,
      "43": 5.0,
      "44": 3.5,
      "45": 5.0,
      "46": 5.0,
      "47": 1.5,
      "48": 3.0,
      "49": 2.0,
      "51": 5.0,
      "52": 2.5,
      "53": 3.5,
      "54": 2.0,
      "55": 1.0,
      "56": 3.0,
      "57": 4.5,
      "58": 4.5,
      "59": 3.5,
      "60": 2.5
    },
    "common_judges": [
      "gemini_flash",
      "haiku"
    ],
    "letta_agg": 3.3205128205128207,
    "bl_agg": 3.1025641025641026,
    "sorted_by_delta": [
      [
        55,
        5.0,
        1.0,
        4.0
      ],
      [
        22,
        4.5,
        1.0,
        3.5
      ],
      [
        31,
        3.5,
        1.0,
        2.5
      ],
      [
        54,
        4.5,
        2.0,
        2.5
      ],
      [
        28,
        3.0,
        1.5,
        1.5
      ],
      [
        32,
        4.5,
        3.0,
        1.5
      ],
      [
        24,
        3.5,
        2.5,
        1.0
      ],
      [
        36,
        2.0,
        1.0,
        1.0
      ],
      [
        39,
        4.5,
        3.5,
        1.0
      ],
      [
        41,
        4.5,
        3.5,
        1.0
      ],
      [
        59,
        4.5,
        3.5,
        1.0
      ],
      [
        33,
        5.0,
        4.5,
        0.5
      ],
      [
        34,
        2.0,
        1.5,
        0.5
      ],
      [
        37,
        4.0,
        3.5,
        0.5
      ],
      [
        47,
        2.0,
        1.5,
        0.5
      ],
      [
        48,
        3.5,
        3.0,
        0.5
      ],
      [
        58,
        5.0,
        4.5,
        0.5
      ],
      [
        23,
        2.0,
        2.0,
        0.0
      ],
      [
        26,
        3.5,
        3.5,
        0.0
      ],
      [
        40,
        2.0,
        2.0,
        0.0
      ],
      [
        42,
        4.5,
        4.5,
        0.0
      ],
      [
        43,
        5.0,
        5.0,
        0.0
      ],
      [
        44,
        3.5,
        3.5,
        0.0
      ],
      [
        46,
        5.0,
        5.0,
        0.0
      ],
      [
        49,
        2.0,
        2.0,
        0.0
      ],
      [
        53,
        3.5,
        3.5,
        0.0
      ],
      [
        25,
        4.5,
        5.0,
        -0.5
      ],
      [
        38,
        2.0,
        2.5,
        -0.5
      ],
      [
        45,
        4.5,
        5.0,
        -0.5
      ],
      [
        52,
        2.0,
        2.5,
        -0.5
      ],
      [
        60,
        2.0,
        2.5,
        -0.5
      ],
      [
        21,
        3.0,
        4.0,
        -1.0
      ],
      [
        30,
        2.0,
        3.0,
        -1.0
      ],
      [
        35,
        2.0,
        3.0,
        -1.0
      ],
      [
        56,
        2.0,
        3.0,
        -1.0
      ],
      [
        57,
        3.5,
        4.5,
        -1.0
      ],
      [
        29,
        1.5,
        3.0,
        -1.5
      ],
      [
        27,
        2.0,
        5.0,
        -3.0
      ],
      [
        51,
        2.0,
        5.0,
        -3.0
      ]
    ]
  },
  "ebers": {
    "letta_mean_per_q": {
      "1": 4.6,
      "2": 3.0,
      "3": 3.2,
      "4": 2.4,
      "5": 1.8,
      "6": 1.6,
      "7": 3.2,
      "8": 2.4,
      "9": 2.6,
      "10": 3.8,
      "11": 2.8,
      "12": 4.0,
      "13": 1.8,
      "14": 4.4,
      "15": 2.8,
      "16": 4.0,
      "17": 3.6,
      "18": 3.4,
      "19": 4.4,
      "20": 2.6,
      "21": 4.0,
      "22": 2.0,
      "23": 2.4,
      "24": 2.8,
      "25": 2.6,
      "26": 2.0,
      "27": 2.0,
      "28": 3.6,
      "29": 3.6,
      "30": 4.2,
      "31": 2.4,
      "32": 3.0,
      "33": 2.2,
      "34": 3.6,
      "35": 2.6,
      "36": 2.2,
      "37": 2.0,
      "38": 2.2,
      "39": 2.4,
      "40": 2.2
    },
    "bl_mean_per_q": {
      "1": 2.2,
      "2": 2.6,
      "3": 1.8,
      "4": 2.2,
      "5": 1.0,
      "6": 2.0,
      "7": 2.6,
      "8": 1.0,
      "9": 1.0,
      "10": 1.0,
      "11": 3.0,
      "12": 1.8,
      "13": 1.2,
      "14": 1.8,
      "15": 1.0,
      "16": 3.0,
      "17": 2.6,
      "18": 1.4,
      "19": 1.0,
      "20": 2.2,
      "21": 1.6,
      "22": 1.8,
      "23": 2.4,
      "24": 1.2,
      "25": 1.0,
      "26": 2.0,
      "27": 1.8,
      "28": 2.0,
      "29": 1.2,
      "30": 2.8,
      "31": 2.0,
      "32": 2.6,
      "33": 1.6,
      "34": 2.0,
      "35": 1.0,
      "36": 1.6,
      "37": 2.6,
      "38": 2.0,
      "39": 2.6
    },
    "common_judges": [
      "gemini_flash",
      "gpt4o",
      "haiku",
      "opus",
      "sonnet"
    ],
    "letta_agg": 2.9282051282051285,
    "bl_agg": 1.8512820512820514,