{
  "per_subject": {
    "augustine": {
      "run_sentence_counts": [
        77,
        81,
        63
      ],
      "pair_results": [
        {
          "pair": [
            1,
            2
          ],
          "verbatim_count": 0,
          "verbatim_share_run_i": 0.0,
          "verbatim_share_run_j": 0.0,
          "nonverbatim_cosines_n": 158,
          "nonverbatim_cosine_mean": 0.5452709362099443,
          "nonverbatim_cosine_median": 0.537577211856842,
          "nonverbatim_cosine_iqr": [
            0.4750194549560547,
            0.6121463924646378
          ],
          "share_cosine_ge_080": 0.012658227848101266,
          "share_cosine_ge_085": 0.012658227848101266,
          "share_cosine_ge_090": 0.012658227848101266
        },
        {
          "pair": [
            1,
            3
          ],
          "verbatim_count": 0,
          "verbatim_share_run_i": 0.0,
          "verbatim_share_run_j": 0.0,
          "nonverbatim_cosines_n": 140,
          "nonverbatim_cosine_mean": 0.5529471352696419,
          "nonverbatim_cosine_median": 0.5395845770835876,
          "nonverbatim_cosine_iqr": [
            0.47592031955718994,
            0.6052436828613281
          ],
          "share_cosine_ge_080": 0.04285714285714286,
          "share_cosine_ge_085": 0.04285714285714286,
          "share_cosine_ge_090": 0.02857142857142857
        },
        {
          "pair": [
            2,
            3
          ],
          "verbatim_count": 0,
          "verbatim_share_run_i": 0.0,
          "verbatim_share_run_j": 0.0,
          "nonverbatim_cosines_n": 144,
          "nonverbatim_cosine_mean": 0.5484068722774585,
          "nonverbatim_cosine_median": 0.5293479561805725,
          "nonverbatim_cosine_iqr": [
            0.4731103554368019,
            0.6075490117073059
          ],
          "share_cosine_ge_080": 0.041666666666666664,
          "share_cosine_ge_085": 0.013888888888888888,
          "share_cosine_ge_090": 0.013888888888888888
        }
      ]
    },
    "sunity_devee": {
      "run_sentence_counts": [
        66,
        72,
        78
      ],
      "pair_results": [
        {
          "pair": [
            1,
            2
          ],
          "verbatim_count": 0,
          "verbatim_share_run_i": 0.0,
          "verbatim_share_run_j": 0.0,
          "nonverbatim_cosines_n": 138,
          "nonverbatim_cosine_mean": 0.5541909475257432,
          "nonverbatim_cosine_median": 0.5532003939151764,
          "nonverbatim_cosine_iqr": [
            0.4703676775097847,
            0.6324480473995209
          ],
          "share_cosine_ge_080": 0.028985507246376812,
          "share_cosine_ge_085": 0.028985507246376812,
          "share_cosine_ge_090": 0.014492753623188406
        },
        {
          "pair": [
            1,
            3
          ],
          "verbatim_count": 0,
          "verbatim_share_run_i": 0.0,
          "verbatim_share_run_j": 0.0,
          "nonverbatim_cosines_n": 144,
          "nonverbatim_cosine_mean": 0.5641337169541253,
          "nonverbatim_cosine_median": 0.5619713068008423,
          "nonverbatim_cosine_iqr": [
            0.4749644175171852,
            0.6270532608032227
          ],
          "share_cosine_ge_080": 0.013888888888888888,
          "share_cosine_ge_085": 0.013888888888888888,
          "share_cosine_ge_090": 0.013888888888888888
        },
        {
          "pair": [
            2,
            3
          ],
          "verbatim_count": 0,
          "verbatim_share_run_i": 0.0,
          "verbatim_share_run_j": 0.0,
          "nonverbatim_cosines_n": 150,
          "nonverbatim_cosine_mean": 0.5729115120569865,
          "nonverbatim_cosine_median": 0.5757599472999573,
          "nonverbatim_cosine_iqr": [
            0.5022387653589249,
            0.6322439312934875
          ],
          "share_cosine_ge_080": 0.02666666666666667,
          "share_cosine_ge_085": 0.013333333333333334,
          "share_cosine_ge_090": 0.013333333333333334
        }
      ]
    },
    "yung_wing": {
      "run_sentence_counts": [
        74,
        77,
        64
      ],
      "pair_results": [
        {
          "pair": [
            1,
            2
          ],
          "verbatim_count": 0,
          "verbatim_share_run_i": 0.0,
          "verbatim_share_run_j": 0.0,
          "nonverbatim_cosines_n": 151,
          "nonverbatim_cosine_mean": 0.5488197988034874,
          "nonverbatim_cosine_median": 0.5319747924804688,
          "nonverbatim_cosine_iqr": [
            0.4770090579986572,
            0.6061666011810303
          ],
          "share_cosine_ge_080": 0.052980132450331126,
          "share_cosine_ge_085": 0.052980132450331126,
          "share_cosine_ge_090": 0.026490066225165563
        },
        {
          "pair": [
            1,
            3
          ],
          "verbatim_count": 0,
          "verbatim_share_run_i": 0.0,
          "verbatim_share_run_j": 0.0,
          "nonverbatim_cosines_n": 138,
          "nonverbatim_cosine_mean": 0.5419248882411183,
          "nonverbatim_cosine_median": 0.5272197723388672,
          "nonverbatim_cosine_iqr": [
            0.4577694237232208,
            0.6118197739124298
          ],
          "share_cosine_ge_080": 0.043478260869565216,
          "share_cosine_ge_085": 0.014492753623188406,
          "share_cosine_ge_090": 0.014492753623188406
        },
        {
          "pair": [
            2,
            3
          ],
          "verbatim_count": 0,
          "verbatim_share_run_i": 0.0,
          "verbatim_share_run_j": 0.0,
          "nonverbatim_cosines_n": 141,
          "nonverbatim_cosine_mean": 0.5315299097527849,
          "nonverbatim_cosine_median": 0.5160614848136902,
          "nonverbatim_cosine_iqr": [
            0.4619215726852417,
            0.5567330718040466
          ],
          "share_cosine_ge_080": 0.014184397163120567,
          "share_cosine_ge_085": 0.014184397163120567,
          "share_cosine_ge_090": 0.014184397163120567
        }
      ]
    }
  },
  "pool_summary": {
    "pool_nonverbatim_n": 1304,
    "pool_verbatim_share": 0.0,
    "pool_nonverbatim_cosine_mean": 0.551218919284596,
    "pool_nonverbatim_cosine_median": 0.5391619205474854,
    "pool_nonverbatim_cosine_iqr": [
      0.47319653630256653,
      0.6116026639938354
    ],
    "pool_share_cosine_ge_080": 0.03067484662576687,
    "pool_share_cosine_ge_085": 0.023006134969325152,
    "pool_share_cosine_ge_090": 0.01687116564417178
  }
}