{
  "subject": "yung_wing",
  "judges": [
    "gpt4o",
    "gpt54",
    "haiku",
    "opus",
    "sonnet"
  ],
  "k_values": [
    10,
    50,
    140
  ],
  "fact_pool_size": 747,
  "spec_chars": 36793,
  "spec_tokens_cl100k_estimate": 9198,
  "per_k": {
    "10": {
      "k": 10,
      "k_actual": 10,
      "avg_ctx_tokens": 183.4102564102564,
      "min_ctx_tokens": 146,
      "max_ctx_tokens": 207,
      "c1_mean": 2.1846153846153844,
      "c3_mean": 2.5025641025641026,
      "delta": 0.31794871794871815,
      "c1_n": 195,
      "c3_n": 195,
      "parse_fails": 0,
      "coverage": {
        "opus": 78,
        "sonnet": 78,
        "haiku": 78,
        "gpt54": 78,
        "gpt4o": 78
      },
      "movement_up": 21,
      "movement_down": 11,
      "movement_none": 7,
      "anchor_crossings_up": 5,
      "anchor_crossings_down": 0
    },
    "50": {
      "k": 50,
      "k_actual": 50,
      "avg_ctx_tokens": 970.9230769230769,
      "min_ctx_tokens": 913,
      "max_ctx_tokens": 1035,
      "c1_mean": 2.394871794871795,
      "c3_mean": 2.4512820512820515,
      "delta": 0.056410256410256654,
      "c1_n": 195,
      "c3_n": 195,
      "parse_fails": 0,
      "coverage": {
        "opus": 78,
        "sonnet": 78,
        "haiku": 78,
        "gpt54": 78,
        "gpt4o": 78
      },
      "movement_up": 19,
      "movement_down": 14,
      "movement_none": 6,
      "anchor_crossings_up": 4,
      "anchor_crossings_down": 3
    },
    "140": {
      "k": 140,
      "k_actual": 140,
      "avg_ctx_tokens": 2781.6666666666665,
      "min_ctx_tokens": 2670,
      "max_ctx_tokens": 2880,
      "c1_mean": 2.282051282051282,
      "c3_mean": 2.482051282051282,
      "delta": 0.20000000000000018,
      "c1_n": 195,
      "c3_n": 195,
      "parse_fails": 0,
      "coverage": {
        "opus": 78,
        "sonnet": 78,
        "haiku": 78,
        "gpt54": 78,
        "gpt4o": 78
      },
      "movement_up": 21,
      "movement_down": 13,
      "movement_none": 5,
      "anchor_crossings_up": 4,
      "anchor_crossings_down": 5
    }
  },
  "per_q_means_per_k": {
    "10": {
      "1": {
        "c1": 2.2,
        "c3": 3.4
      },
      "2": {
        "c1": 1.4,
        "c3": 1.6
      },
      "3": {
        "c1": 1.4,
        "c3": 2.4
      },
      "4": {
        "c1": 1.0,
        "c3": 2.6
      },
      "5": {
        "c1": 4.0,
        "c3": 3.0
      },
      "6": {
        "c1": 1.6,
        "c3": 1.6
      },
      "7": {
        "c1": 1.0,
        "c3": 2.6
      },
      "8": {
        "c1": 1.2,
        "c3": 2.2
      },
      "9": {
        "c1": 1.0,
        "c3": 2.6
      },
      "10": {
        "c1": 1.6,
        "c3": 1.8
      },
      "11": {
        "c1": 2.2,
        "c3": 1.6
      },
      "12": {
        "c1": 4.0,
        "c3": 4.4
      },
      "13": {
        "c1": 2.2,
        "c3": 1.8
      },
      "14": {
        "c1": 2.2,
        "c3": 2.2
      },
      "15": {
        "c1": 2.6,
        "c3": 2.0
      },
      "16": {
        "c1": 1.6,
        "c3": 1.6
      },
      "17": {
        "c1": 1.4,
        "c3": 2.0
      },
      "18": {
        "c1": 2.0,
        "c3": 2.6
      },
      "19": {
        "c1": 2.8,
        "c3": 2.2
      },
      "20": {
        "c1": 2.8,
        "c3": 3.4
      },
      "21": {
        "c1": 2.4,
        "c3": 3.2
      },
      "22": {
        "c1": 4.0,
        "c3": 3.8
      },
      "23": {
        "c1": 3.6,
        "c3": 4.0
      },
      "24": {
        "c1": 1.0,
        "c3": 2.6
      },
      "25": {
        "c1": 1.8,
        "c3": 1.8
      },
      "26": {
        "c1": 4.0,
        "c3": 3.4
      },
      "27": {
        "c1": 1.8,
        "c3": 2.0
      },
      "28": {
        "c1": 1.0,
        "c3": 1.0
      },
      "29": {
        "c1": 1.6,
        "c3": 1.8
      },
      "30": {
        "c1": 2.0,
        "c3": 1.8
      },
      "31": {
        "c1": 2.6,
        "c3": 2.0
      },
      "32": {
        "c1": 1.6,
        "c3": 2.0
      },
      "33": {
        "c1": 2.2,
        "c3": 4.0
      },
      "34": {
        "c1": 3.0,
        "c3": 4.0
      },
      "35": {
        "c1": 2.0,
        "c3": 3.2
      },
      "36": {
        "c1": 4.0,
        "c3": 3.2
      },
      "37": {
        "c1": 2.2,
        "c3": 2.0
      },
      "38": {
        "c1": 2.4,
        "c3": 2.4
      },
      "39": {
        "c1": 1.8,
        "c3": 1.8
      }
    },
    "50": {
      "1": {
        "c1": 2.4,
        "c3": 3.0
      },
      "2": {
        "c1": 1.6,
        "c3": 1.8
      },
      "3": {
        "c1": 1.8,
        "c3": 2.8
      },
      "4": {
        "c1": 2.2,
        "c3": 2.2
      },
      "5": {
        "c1": 1.8,
        "c3": 3.0
      },
      "6": {
        "c1": 1.2,
        "c3": 1.4
      },
      "7": {
        "c1": 1.0,
        "c3": 1.6
      },
      "8": {
        "c1": 1.6,
        "c3": 1.8
      },
      "9": {
        "c1": 2.2,
        "c3": 2.8
      },
      "10": {
        "c1": 3.2,
        "c3": 3.2
      },
      "11": {
        "c1": 2.6,
        "c3": 2.2
      },
      "12": {
        "c1": 4.4,
        "c3": 4.0
      },
      "13": {
        "c1": 2.2,
        "c3": 2.6
      },
      "14": {
        "c1": 2.0,
        "c3": 2.8
      },
      "15": {
        "c1": 2.2,
        "c3": 2.0
      },
      "16": {
        "c1": 1.6,
        "c3": 1.8
      },
      "17": {
        "c1": 1.8,
        "c3": 2.0
      },
      "18": {
        "c1": 2.0,
        "c3": 2.4
      },
      "19": {
        "c1": 2.8,
        "c3": 2.2
      },
      "20": {
        "c1": 3.4,
        "c3": 3.2
      },
      "21": {
        "c1": 2.4,
        "c3": 2.4
      },
      "22": {
        "c1": 3.0,
        "c3": 2.6
      },
      "23": {
        "c1": 2.8,
        "c3": 2.4
      },
      "24": {
        "c1": 1.6,
        "c3": 2.4
      },
      "25": {
        "c1": 1.2,
        "c3": 1.8
      },
      "26": {
        "c1": 4.2,
        "c3": 4.4
      },
      "27": {
        "c1": 3.6,
        "c3": 3.4
      },
      "28": {
        "c1": 2.8,
        "c3": 2.2
      },
      "29": {
        "c1": 1.8,
        "c3": 1.4
      },
      "30": {
        "c1": 1.6,
        "c3": 2.0
      },
      "31": {
        "c1": 2.0,
        "c3": 2.0
      },
      "32": {
        "c1": 4.4,
        "c3": 2.0
      },
      "33": {
        "c1": 2.2,
        "c3": 3.4
      },
      "34": {
        "c1": 2.4,
        "c3": 3.0
      },
      "35": {
        "c1": 3.2,
        "c3": 2.0
      },
      "36": {
        "c1": 4.2,
        "c3": 3.6
      },
      "37": {
        "c1": 2.0,
        "c3": 2.0
      },
      "38": {
        "c1": 2.0,
        "c3": 1.8
      },
      "39": {
        "c1": 2.0,
        "c3": 2.0
      }
    },
    "140": {
      "1": {
        "c1": 2.4,
        "c3": 2.8
      },
      "2": {
        "c1": 1.6,
        "c3": 1.6
      },
      "3": {
        "c1": 1.6,
        "c3": 2.0
      },
      "4": {
        "c1": 1.4,
        "c3": 2.2
      },
      "5": {
        "c1": 1.4,
        "c3": 2.0
      },
      "6": {
        "c1": 1.2,
        "c3": 1.6
      },
      "7": {
        "c1": 1.0,
        "c3": 2.0
      },
      "8": {
        "c1": 1.8,
        "c3": 2.0
      },
      "9": {
        "c1": 2.6,
        "c3": 2.0
      },
      "10": {
        "c1": 3.2,
        "c3": 3.6
      },
      "11": {
        "c1": 2.8,
        "c3": 1.4
      },
      "12": {
        "c1": 4.0,
        "c3": 3.4
      },
      "13": {
        "c1": 1.4,
        "c3": 2.6
      },
      "14": {
        "c1": 3.2,
        "c3": 2.0
      },
      "15": {
        "c1": 3.2,
        "c3": 2.2
      },
      "16": {
        "c1": 1.0,
        "c3": 2.2
      },
      "17": {
        "c1": 1.6,
        "c3": 2.0
      },
      "18": {
        "c1": 1.8,
        "c3": 2.6
      },
      "19": {
        "c1": 3.2,
        "c3": 2.0
      },
      "20": {
        "c1": 3.2,