{
  "subject": "yung_wing",
  "rerun": 3,
  "judges": [
    "gpt4o",
    "gpt54",
    "haiku",
    "opus",
    "sonnet"
  ],
  "per_judge_per_condition": {
    "C2a_full_spec__haiku": 2.2051282051282053,
    "C4a_full_facts_plus_spec__haiku": 2.5384615384615383,
    "C2a_full_spec__sonnet": 1.8717948717948718,
    "C4a_full_facts_plus_spec__sonnet": 2.076923076923077,
    "C2a_full_spec__opus": 2.4871794871794872,
    "C4a_full_facts_plus_spec__opus": 2.5641025641025643,
    "C2a_full_spec__gpt4o": 2.2051282051282053,
    "C4a_full_facts_plus_spec__gpt4o": 2.58974358974359,
    "C2a_full_spec__gpt54": 2.051282051282051,
    "C4a_full_facts_plus_spec__gpt54": 2.3333333333333335
  },
  "C2a": 2.164102564102564,
  "C4a": 2.420512820512821,
  "C5_canonical": 1.877,
  "delta_c4a": 0.5435128205128208,
  "delta_spec": 0.28710256410256396
}