{
  "subject": "yung_wing",
  "rerun": 2,
  "judges": [
    "gpt4o",
    "gpt54",
    "haiku",
    "opus",
    "sonnet"
  ],
  "per_judge_per_condition": {
    "C2a_full_spec__haiku": 2.5384615384615383,
    "C4a_full_facts_plus_spec__haiku": 2.58974358974359,
    "C2a_full_spec__sonnet": 2.0256410256410255,
    "C4a_full_facts_plus_spec__sonnet": 2.1794871794871793,
    "C2a_full_spec__opus": 2.4615384615384617,
    "C4a_full_facts_plus_spec__opus": 2.58974358974359,
    "C2a_full_spec__gpt4o": 2.282051282051282,
    "C4a_full_facts_plus_spec__gpt4o": 2.6923076923076925,
    "C2a_full_spec__gpt54": 2.2051282051282053,
    "C4a_full_facts_plus_spec__gpt54": 2.58974358974359
  },
  "C2a": 2.3025641025641024,
  "C4a": 2.528205128205128,
  "C5_canonical": 1.877,
  "delta_c4a": 0.6512051282051281,
  "delta_spec": 0.4255641025641024
}