{
  "subject": "augustine",
  "rerun": 2,
  "judges": [
    "gpt4o",
    "gpt54",
    "haiku",
    "opus",
    "sonnet"
  ],
  "per_judge_per_condition": {
    "C2a_full_spec__haiku": 2.282051282051282,
    "C4a_full_facts_plus_spec__haiku": 2.58974358974359,
    "C2a_full_spec__sonnet": 1.9230769230769231,
    "C4a_full_facts_plus_spec__sonnet": 2,
    "C2a_full_spec__opus": 2.717948717948718,
    "C4a_full_facts_plus_spec__opus": 2.3333333333333335,
    "C2a_full_spec__gpt4o": 2.641025641025641,
    "C4a_full_facts_plus_spec__gpt4o": 2.8205128205128207,
    "C2a_full_spec__gpt54": 2.2051282051282053,
    "C4a_full_facts_plus_spec__gpt54": 2.4615384615384617
  },
  "C2a": 2.353846153846154,
  "C4a": 2.4410256410256412,
  "C5_canonical": 2.585,
  "delta_c4a": -0.14397435897435873,
  "delta_spec": -0.23115384615384604
}